!@@###3,1,a,수정2,수정자,수정했다 수정했다
!@@###3,2,a,asdfas,oiljlkj,lkjasdfoiuwer
!@@###1,1,s,qwefasd,ugkjkjh,qwerqewfasdfdfkljlkj
!@@###2,1,s,zxcvzxcv,qiuhsd,asdioizvkld.wsdfme.
!@@###3,3,a,12dd,d d d,fdfadfasdfasd
!@@###3,4,b,adfs,asdf,laksdf;ladjkf
!@@###4,1,c,asdfas,asdfa,asdfasdfasdfasdf
!@@###4,2,a,jesuschrist,christian,jesus hallelluya glory to God
!@@###3,5,b,bakayaro,your mother,hihihihihi hellohellohello
!@@###4,3,s,자유의 날개,진격의 거인,사사게로사사게로 신죠우 사사게로
!@@###3,6,b,나는 잉어,잉어,잉어잉어잉어
!@@###4,4,a,사사게로,사사게로,사사게로사사게로신조우사사게로
